TEMPO,BEATS,RMSE,SPECTRAL_CENTROID,SPECTRAL_BANDWIDTH,ROLLOFF,ZERO_CROSSING_RATE,category
287.109375,1,0.0006133373,2048.499792366834,2538.8120878304535,4499.67041015625,0.04241071428571429,Aedes sierrensis
86.1328125,2,0.0019156465,2595.589380590296,2972.737276672306,6258.873948317308,0.13173076923076923,Aedes sierrensis
129.19921875,2,0.0009279237,4131.995965673917,3323.1419541219107,8422.236668786338,0.2717682594476744,Aedes sierrensis
184.5703125,1,0.00058264425,4237.695010388459,3156.780783737106,8118.890545819257,0.2700063344594595,Aedes sierrensis
143.5546875,27,0.0026936294,2748.9236562623405,3127.235082676533,6859.880595538227,0.06489560125469043,Aedes sierrensis
95.703125,2,0.0022029243,2991.322029721842,2981.579152153651,6709.088134765625,0.11524793836805555,Aedes sierrensis
99.38401442307692,1,0.0011521634,3581.4698432737846,2962.9212899546437,7144.805593588918,0.22169478898195877,Aedes sierrensis
83.35433467741936,4,0.001017422,4037.868361731845,3326.49613750723,8504.8974609375,0.25423828125,Aedes sierrensis
258.3984375,1,0.00095468125,3393.1392747155787,2971.186384756064,7313.689108455882,0.18615004595588236,Aedes sierrensis
151.99908088235293,1,0.0006207418,2666.472386048331,2760.3352205655674,5948.057972301136,0.11190518465909091,Aedes sierrensis
117.45383522727273,2,0.0008128923,3511.297671083851,3021.1512751824102,7342.556423611111,0.18551673418209877,Aedes sierrensis
0.0,0,0.005926287,3854.442686493933,3043.466992363823,7456.4697265625,0.2223849826388889,Aedes sierrensis
117.45383522727273,1,0.006490061,1706.229431960735,1752.3130346758783,3597.7013221153848,0.09983473557692307,Aedes sierrensis
117.45383522727273,11,0.0011782536,3028.248718199008,2772.777513772202,6298.582887113764,0.17816450140449439,Aedes sierrensis
172.265625,9,0.0005346639,2752.271148594396,2692.29605635408,5749.28887549867,0.1438386524822695,Aedes sierrensis
161.4990234375,4,0.00064543134,3706.3150998337646,3061.293014412593,7661.2060546875,0.2390873015873016,Aedes sierrensis
0.0,0,0.0034625402,2574.1783906858805,2323.281212142331,5187.9638671875,0.12311662946428571,Aedes sierrensis
95.703125,4,0.00077061955,4042.9575527438524,3189.829338517038,8175.001786394817,0.28823678861788615,Aedes sierrensis
112.34714673913044,1,0.00044286874,3141.6402032567084,2774.9788345222482,6588.823699951172,0.1703643798828125,Aedes sierrensis
143.5546875,2,0.0064740274,2414.833098760649,2935.1516508772966,6068.2793978987065,0.05221241918103448,Aedes sierrensis
215.33203125,1,0.0034674811,2595.903891192615,2698.0556433848,5774.74365234375,0.11424037388392858,Aedes sierrensis
71.77734375,3,0.0039238487,1951.2403229582535,2159.570772724052,3995.030329777644,0.07934100811298077,Aedes sierrensis
135.99917763157896,6,0.0004810928,3299.7815448697074,2868.024660668829,6953.029477017597,0.20372231492718446,Aedes sierrensis
112.34714673913044,11,0.0015505414,4020.7259228668386,3167.122079805919,7896.745352909483,0.2294416756465517,Aedes sierrensis
129.19921875,4,0.018151246,3733.712195590865,2257.563228052833,6137.949144203244,0.26069000477099236,Aedes sierrensis
95.703125,5,0.0006646614,2063.819387672618,2551.7909539068223,4553.093635948905,0.05375370666058394,Aedes sierrensis
161.4990234375,18,0.0007373299,2132.7790957571065,2657.0495001835848,4624.160259772527,0.08777502484540636,Aedes sierrensis
117.45383522727273,1,0.0043776236,2345.137807327833,2104.842534349885,4285.107421875,0.07003348214285714,Aedes sierrensis
123.046875,4,0.00245617,2841.9691603465963,3025.238603562706,6757.16921784157,0.0982467296511628,Aedes sierrensis
129.19921875,4,0.002082964,3274.6813506544536,3009.748732064023,7199.100654069767,0.12188294876453488,Aedes sierrensis
135.99917763157896,1,0.0007647503,2963.4414461822444,2787.303730046488,6279.08203125,0.13154296875,Aedes sierrensis
117.45383522727273,1,0.005614467,1450.5692602490096,1731.4465602716518,2173.77685546875,0.0681640625,Aedes sierrensis
117.45383522727273,3,0.00084981875,1878.1081041060804,2463.4785668654085,4181.515255489865,0.05196236275337838,Aedes sierrensis
117.45383522727273,1,0.0016177265,3497.512912378512,3360.521102151133,8263.36669921875,0.15861002604166666,Aedes sierrensis
0.0,0,0.0014836089,1025.0914996422346,1489.8418396862226,1259.6923828125,0.020182291666666668,Aedes sierrensis
75.99954044117646,4,0.0016609761,3323.998589044733,3005.475350597545,7226.54296875,0.16891381048387097,Aedes sierrensis
107.666015625,8,0.00090022624,3347.0621424518336,2929.5011197010026,7007.072712988826,0.2189218531773743,Aedes sierrensis
123.046875,2,0.0014314592,3505.2220650251115,3067.040297715093,7307.138671875,0.23550502232142856,Aedes sierrensis
172.265625,2,0.0018735166,1869.4193655265756,2165.3370260047122,3818.4309334590516,0.08305832435344827,Aedes sierrensis
172.265625,5,0.0018711829,1703.2436428246426,2219.4354559160015,3837.1992902057927,0.05666841336382114,Aedes sierrensis
123.046875,2,0.0017346712,4210.73224192688,3362.272633385987,8583.436986019737,0.2788514254385965,Aedes sierrensis
135.99917763157896,1,0.0010453769,4841.473228813634,3366.749306027395,8781.70166015625,0.4235142299107143,Aedes sierrensis
95.703125,2,0.0019327062,3908.1997202370776,3147.534366637898,7991.773897058823,0.2570752910539216,Aedes sierrensis
172.265625,2,0.008960686,2220.0662142757783,1830.11061322616,4140.226413892663,0.12824813179347827,Aedes sierrensis
161.4990234375,7,0.003328428,3077.017044778803,3128.393372856582,7174.804015553325,0.11351419151376146,Aedes sierrensis
99.38401442307692,2,0.0006709201,4550.05828707655,3485.596612000157,9113.112571022728,0.3155184659090909,Aedes sierrensis
117.45383522727273,4,0.002299074,2916.476977508309,3092.8784759099644,7094.623766447368,0.08066920230263158,Aedes sierrensis
117.45383522727273,8,0.00072713307,3712.742619213748,3114.911863070784,7773.108552631579,0.21680544133771928,Aedes sierrensis
143.5546875,1,0.00086984516,1853.8754910412329,2283.425332373465,3844.107421875,0.0672265625,Aedes sierrensis
184.5703125,1,0.0071733864,2325.8782522660263,2475.593636766529,5271.889860733696,0.09799592391304347,Aedes sierrensis
117.45383522727273,1,0.0014072382,2237.1772269425037,2546.815851654946,4694.23828125,0.06946910511363637,Aedes sierrensis
117.45383522727273,1,0.0007607719,2866.5799936189037,2962.1982570179066,6701.4404296875,0.11907087053571429,Aedes sierrensis
287.109375,1,0.0007236652,3417.3035462635685,2788.297854808663,6640.301513671875,0.215484619140625,Aedes sierrensis
117.45383522727273,1,0.0005019538,1967.3447678961147,2669.3104617760523,3856.23779296875,0.108154296875,Aedes sierrensis
103.359375,7,0.024010982,3436.085822905253,2236.652570611716,5806.769342705755,0.2440560218131188,Aedes sierrensis
161.4990234375,22,0.00041260102,3329.1188259701294,2945.988710542901,6869.576778927365,0.21873387058933935,Aedes sierrensis
184.5703125,10,0.0007462566,3296.109245154047,2789.7572415652853,6544.835316051136,0.17765827922077923,Aedes sierrensis
135.99917763157896,12,0.00075828785,2695.892802464886,2640.7362256054707,5719.39453125,0.15071348852040817,Aedes sierrensis
234.90767045454547,1,0.002896159,1310.6714357371475,2075.7547357089065,2563.7969970703125,0.041178385416666664,Aedes sierrensis
198.76802884615384,3,0.00072932866,3037.244657343908,2755.0657553171914,6377.4169921875,0.1779162837009804,Aedes sierrensis
107.666015625,13,0.0017871731,3151.1463686452344,2867.297561591462,6682.235663964106,0.11736583949937028,Aedes sierrensis
117.45383522727273,4,0.0016368341,1732.9236496283752,2162.1185676034247,3421.7898161514945,0.06359332540760869,Aedes sierrensis
143.5546875,26,0.0023381645,3628.7874684048174,3016.0654718391093,7409.956560897003,0.1426783122975162,Aedes sierrensis
151.99908088235293,3,0.0007376879,3686.2739210597783,3053.1521821361243,7540.153884887695,0.23870849609375,Aedes sierrensis
0.0,0,0.0012984485,2278.6237494634724,2370.008054883854,4594.647216796875,0.0670166015625,Aedes sierrensis
117.45383522727273,1,0.007645044,2294.952614769433,2596.6857306126626,5251.708984375,0.06342230902777778,Aedes sierrensis
151.99908088235293,10,0.026544163,3396.6774201393787,2375.132356290466,5932.584165010838,0.19290496296965318,Aedes sierrensis
184.5703125,26,0.018719256,3684.419216295447,2481.7449732250448,6356.562000184547,0.2203711962762467,Aedes sierrensis
123.046875,2,0.0016083383,3501.448697636544,3068.743537389723,7520.670572916667,0.18165870949074073,Aedes sierrensis
135.99917763157896,1,0.0008183571,2904.900405384049,2659.666516166934,5903.08837890625,0.1745062934027778,Aedes sierrensis
117.45383522727273,1,0.0025103926,1704.6674295928042,1909.4819062025858,3288.1201171875,0.0515625,Aedes sierrensis
129.19921875,7,0.0012288451,4494.746355709566,3310.2121868442973,8875.8544921875,0.3272281568877551,Aedes sierrensis
71.77734375,2,0.009420341,1687.2977850275292,1947.7374090533788,2773.890662560096,0.08009314903846154,Aedes sierrensis
129.19921875,27,0.00061018276,4242.989280344455,3149.343674763323,8069.5166015625,0.3081622023809524,Aedes sierrensis
112.34714673913044,7,0.0007389507,3442.5059110218235,2856.909239118884,6811.122838462271,0.21178306021341464,Aedes sierrensis
0.0,0,0.0034932345,2549.107368404754,2456.157351331953,5011.85302734375,0.11181640625,Aedes sierrensis
86.1328125,6,0.00049379223,3455.7733738347706,2950.384662285684,7199.4500628972455,0.2378233139124294,Aedes sierrensis
0.0,0,0.0041115703,2325.3455351992275,2267.4207911995068,4206.15234375,0.08772786458333333,Aedes sierrensis
99.38401442307692,7,0.00062029413,4144.1572399267,3153.5777419185665,8142.129607971557,0.27132941148952094,Aedes sierrensis
95.703125,2,0.0061404565,3430.409261529513,3043.968037287124,7223.423414963942,0.15784630408653846,Aedes sierrensis
107.666015625,4,0.0007635389,3259.906531534426,2694.057892977694,6470.48828125,0.16395941840277778,Aedes sierrensis
107.666015625,2,0.00095850526,1672.290740263676,2359.796559282859,3663.091486150568,0.04674183238636364,Aedes sierrensis
117.45383522727273,10,0.004700664,2440.161168070711,2289.1568358585773,4768.542316248599,0.12787604225056054,Aedes sierrensis
117.45383522727273,1,0.0014425286,1599.9155305086024,2136.1436503602413,3360.1584694602275,0.04576526988636364,Aedes sierrensis
234.90767045454547,1,0.00081241236,3705.7990398703378,3097.0131306853546,7799.0570068359375,0.20550537109375,Aedes sierrensis
117.45383522727273,1,0.0026760038,4042.564436370303,3101.9871792178747,7840.6494140625,0.2854585193452381,Aedes sierrensis
95.703125,1,0.0005103058,3028.8106066902305,2788.016730794558,6449.70703125,0.16084216889880953,Aedes sierrensis
117.45383522727273,1,0.006006032,4715.269317795986,3460.889340737032,9006.082763671875,0.3216064453125,Aedes sierrensis
184.5703125,2,0.0012247331,3749.6803290730354,3092.5870317765653,7743.109130859375,0.23160807291666666,Aedes sierrensis
95.703125,24,0.0018334737,3909.385669083981,3046.5910459553675,7802.721921170296,0.17663631172239502,Aedes sierrensis
0.0,0,0.007925219,1306.9608205059078,1855.4140077589177,2350.96435546875,0.04823521205357143,Aedes sierrensis
151.99908088235293,11,0.00054134097,4611.963443491403,3326.9115677472105,8854.695752640846,0.363911660064554,Aedes sierrensis
61.5234375,2,0.002770807,3433.7263451416034,2878.1304984839035,6887.864332932692,0.22461563501602563,Aedes sierrensis
117.45383522727273,1,0.0024295512,3058.4552080796598,3003.520017996664,6879.8583984375,0.11872209821428571,Aedes sierrensis
0.0,0,0.00076149235,3300.21239991905,3175.4738682770712,8182.6171875,0.07259114583333333,Aedes sierrensis
83.35433467741936,1,0.00071065844,3163.2626668766875,2904.33499033137,6758.6982421875,0.16475911458333334,Aedes sierrensis
123.046875,2,0.0010246832,2942.696876151513,2804.0917584322415,6369.2138671875,0.15298897879464285,Aedes sierrensis
215.33203125,1,0.0018371828,3845.7532815809013,2784.5146189400366,7036.512451171875,0.22255859375,Aedes sierrensis
161.4990234375,14,0.00081877323,4037.8158582587876,3075.321468137031,7981.673251065341,0.25388627485795456,Aedes sierrensis
117.45383522727273,1,0.0006680004,3491.2519251156386,2934.686066884573,7367.9443359375,0.17724609375,Aedes sierrensis
151.99908088235293,45,0.0005585315,4364.553074829051,3148.680386419994,8220.091302710844,0.32735891482597057,Aedes sierrensis
117.45383522727273,11,0.00078590517,1984.239443873547,2459.856476754293,4407.361949573864,0.061760179924242424,Aedes sierrensis
117.45383522727273,1,0.0015318247,2404.2678935669837,2352.648722169663,4386.0443115234375,0.10992431640625,Aedes sierrensis
143.5546875,1,0.0006188726,2908.7545528976416,2888.332224763386,6481.494140625,0.135009765625,Aedes sierrensis
0.0,0,0.0023200917,1011.6878721221399,1280.1901251969468,1276.9189453125,0.04404296875,Aedes sierrensis
129.19921875,2,0.0018253062,3267.5341891702046,3211.4440893532615,7657.36083984375,0.14576067243303573,Aedes sierrensis
135.99917763157896,1,0.003566476,1230.5181412718111,1680.369842416577,2184.54345703125,0.045263671875,Aedes sierrensis
135.99917763157896,1,0.0012347209,2803.959761368167,2755.9694295629597,6149.8828125,0.14296875,Aedes sierrensis
135.99917763157896,1,0.084935926,1900.8620695950533,2033.9107317681003,3494.53125,0.08321707589285714,Aedes sierrensis
95.703125,2,0.001737185,2899.9701829660316,2720.273936219227,6132.910943800403,0.16399424563172044,Aedes sierrensis
184.5703125,10,0.0007462566,3296.109245154047,2789.7572415652853,6544.835316051136,0.17765827922077923,Aedes sierrensis
117.45383522727273,1,0.006490061,1706.229431960735,1752.3130346758783,3597.7013221153848,0.09983473557692307,Aedes sierrensis
117.45383522727273,1,0.0005019538,1967.3447678961147,2669.3104617760523,3856.23779296875,0.108154296875,Aedes sierrensis
95.703125,2,0.0061404565,3430.409261529513,3043.968037287124,7223.423414963942,0.15784630408653846,Aedes sierrensis
117.45383522727273,4,0.002299074,2916.476977508309,3092.8784759099644,7094.623766447368,0.08066920230263158,Aedes sierrensis
135.99917763157896,12,0.00075828785,2695.892802464886,2640.7362256054707,5719.39453125,0.15071348852040817,Aedes sierrensis
135.99917763157896,1,0.003566476,1230.5181412718111,1680.369842416577,2184.54345703125,0.045263671875,Aedes sierrensis
117.45383522727273,11,0.00078590517,1984.239443873547,2459.856476754293,4407.361949573864,0.061760179924242424,Aedes sierrensis
123.046875,2,0.0014314592,3505.2220650251115,3067.040297715093,7307.138671875,0.23550502232142856,Aedes sierrensis
215.33203125,1,0.0018371828,3845.7532815809013,2784.5146189400366,7036.512451171875,0.22255859375,Aedes sierrensis
95.703125,24,0.0018334737,3909.385669083981,3046.5910459553675,7802.721921170296,0.17663631172239502,Aedes sierrensis
0.0,0,0.00076149235,3300.21239991905,3175.4738682770712,8182.6171875,0.07259114583333333,Aedes sierrensis
151.99908088235293,1,0.0006207418,2666.472386048331,2760.3352205655674,5948.057972301136,0.11190518465909091,Aedes sierrensis
117.45383522727273,4,0.0016368341,1732.9236496283752,2162.1185676034247,3421.7898161514945,0.06359332540760869,Aedes sierrensis
83.35433467741936,1,0.00071065844,3163.2626668766875,2904.33499033137,6758.6982421875,0.16475911458333334,Aedes sierrensis
143.5546875,27,0.0026936294,2748.9236562623405,3127.235082676533,6859.880595538227,0.06489560125469043,Aedes sierrensis
0.0,0,0.005926287,3854.442686493933,3043.466992363823,7456.4697265625,0.2223849826388889,Aedes sierrensis
107.666015625,4,0.0007635389,3259.906531534426,2694.057892977694,6470.48828125,0.16395941840277778,Aedes sierrensis
117.45383522727273,1,0.0024295512,3058.4552080796598,3003.520017996664,6879.8583984375,0.11872209821428571,Aedes sierrensis
258.3984375,1,0.00095468125,3393.1392747155787,2971.186384756064,7313.689108455882,0.18615004595588236,Aedes sierrensis
135.99917763157896,1,0.0008183571,2904.900405384049,2659.666516166934,5903.08837890625,0.1745062934027778,Aedes sierrensis
151.99908088235293,45,0.0005585315,4364.553074829051,3148.680386419994,8220.091302710844,0.32735891482597057,Aedes sierrensis
0.0,0,0.0041115703,2325.3455351992275,2267.4207911995068,4206.15234375,0.08772786458333333,Aedes sierrensis
123.046875,4,0.00245617,2841.9691603465963,3025.238603562706,6757.16921784157,0.0982467296511628,Aedes sierrensis
117.45383522727273,1,0.0007607719,2866.5799936189037,2962.1982570179066,6701.4404296875,0.11907087053571429,Aedes sierrensis
95.703125,2,0.0019327062,3908.1997202370776,3147.534366637898,7991.773897058823,0.2570752910539216,Aedes sierrensis
143.5546875,26,0.0023381645,3628.7874684048174,3016.0654718391093,7409.956560897003,0.1426783122975162,Aedes sierrensis
107.666015625,2,0.00095850526,1672.290740263676,2359.796559282859,3663.091486150568,0.04674183238636364,Aedes sierrensis
117.45383522727273,1,0.007645044,2294.952614769433,2596.6857306126626,5251.708984375,0.06342230902777778,Aedes sierrensis
71.77734375,2,0.009420341,1687.2977850275292,1947.7374090533788,2773.890662560096,0.08009314903846154,Aedes sierrensis
99.38401442307692,1,0.0011521634,3581.4698432737846,2962.9212899546437,7144.805593588918,0.22169478898195877,Aedes sierrensis
234.90767045454547,1,0.002896159,1310.6714357371475,2075.7547357089065,2563.7969970703125,0.041178385416666664,Aedes sierrensis
129.19921875,2,0.0018253062,3267.5341891702046,3211.4440893532615,7657.36083984375,0.14576067243303573,Aedes sierrensis
75.99954044117646,4,0.0016609761,3323.998589044733,3005.475350597545,7226.54296875,0.16891381048387097,Aedes sierrensis
184.5703125,2,0.0012247331,3749.6803290730354,3092.5870317765653,7743.109130859375,0.23160807291666666,Aedes sierrensis
117.45383522727273,3,0.00084981875,1878.1081041060804,2463.4785668654085,4181.515255489865,0.05196236275337838,Aedes sierrensis
172.265625,5,0.0018711829,1703.2436428246426,2219.4354559160015,3837.1992902057927,0.05666841336382114,Aedes sierrensis
161.4990234375,14,0.00081877323,4037.8158582587876,3075.321468137031,7981.673251065341,0.25388627485795456,Aedes sierrensis
117.45383522727273,1,0.0014072382,2237.1772269425037,2546.815851654946,4694.23828125,0.06946910511363637,Aedes sierrensis
135.99917763157896,1,0.084935926,1900.8620695950533,2033.9107317681003,3494.53125,0.08321707589285714,Aedes sierrensis
95.703125,2,0.001737185,2899.9701829660316,2720.273936219227,6132.910943800403,0.16399424563172044,Aedes sierrensis
95.703125,5,0.0006646614,2063.819387672618,2551.7909539068223,4553.093635948905,0.05375370666058394,Aedes sierrensis
86.1328125,2,0.0019156465,2595.589380590296,2972.737276672306,6258.873948317308,0.13173076923076923,Aedes sierrensis
95.703125,2,0.0022029243,2991.322029721842,2981.579152153651,6709.088134765625,0.11524793836805555,Aedes sierrensis
0.0,0,0.0012984485,2278.6237494634724,2370.008054883854,4594.647216796875,0.0670166015625,Aedes sierrensis
135.99917763157896,1,0.0007647503,2963.4414461822444,2787.303730046488,6279.08203125,0.13154296875,Aedes sierrensis
161.4990234375,7,0.003328428,3077.017044778803,3128.393372856582,7174.804015553325,0.11351419151376146,Aedes sierrensis
129.19921875,7,0.0012288451,4494.746355709566,3310.2121868442973,8875.8544921875,0.3272281568877551,Aedes sierrensis
287.109375,1,0.0006133373,2048.499792366834,2538.8120878304535,4499.67041015625,0.04241071428571429,Aedes sierrensis
151.99908088235293,3,0.0007376879,3686.2739210597783,3053.1521821361243,7540.153884887695,0.23870849609375,Aedes sierrensis
172.265625,9,0.0005346639,2752.271148594396,2692.29605635408,5749.28887549867,0.1438386524822695,Aedes sierrensis
129.19921875,4,0.002082964,3274.6813506544536,3009.748732064023,7199.100654069767,0.12188294876453488,Aedes sierrensis
215.33203125,1,0.0034674811,2595.903891192615,2698.0556433848,5774.74365234375,0.11424037388392858,Aedes sierrensis
83.35433467741936,4,0.001017422,4037.868361731845,3326.49613750723,8504.8974609375,0.25423828125,Aedes sierrensis
117.45383522727273,1,0.0016177265,3497.512912378512,3360.521102151133,8263.36669921875,0.15861002604166666,Aedes sierrensis
161.4990234375,22,0.00041260102,3329.1188259701294,2945.988710542901,6869.576778927365,0.21873387058933935,Aedes sierrensis
123.046875,2,0.0017346712,4210.73224192688,3362.272633385987,8583.436986019737,0.2788514254385965,Aedes sierrensis
143.5546875,1,0.00086984516,1853.8754910412329,2283.425332373465,3844.107421875,0.0672265625,Aedes sierrensis
117.45383522727273,8,0.00072713307,3712.742619213748,3114.911863070784,7773.108552631579,0.21680544133771928,Aedes sierrensis
117.45383522727273,1,0.0014425286,1599.9155305086024,2136.1436503602413,3360.1584694602275,0.04576526988636364,Aedes sierrensis
135.99917763157896,1,0.0010453769,4841.473228813634,3366.749306027395,8781.70166015625,0.4235142299107143,Aedes sierrensis
117.45383522727273,1,0.0015318247,2404.2678935669837,2352.648722169663,4386.0443115234375,0.10992431640625,Aedes sierrensis
143.5546875,1,0.0006188726,2908.7545528976416,2888.332224763386,6481.494140625,0.135009765625,Aedes sierrensis
287.109375,1,0.0007236652,3417.3035462635685,2788.297854808663,6640.301513671875,0.215484619140625,Aedes sierrensis
99.38401442307692,2,0.0006709201,4550.05828707655,3485.596612000157,9113.112571022728,0.3155184659090909,Aedes sierrensis
0.0,0,0.0023200917,1011.6878721221399,1280.1901251969468,1276.9189453125,0.04404296875,Aedes sierrensis
112.34714673913044,1,0.00044286874,3141.6402032567084,2774.9788345222482,6588.823699951172,0.1703643798828125,Aedes sierrensis
184.5703125,1,0.00058264425,4237.695010388459,3156.780783737106,8118.890545819257,0.2700063344594595,Aedes sierrensis
117.45383522727273,1,0.006006032,4715.269317795986,3460.889340737032,9006.082763671875,0.3216064453125,Aedes sierrensis
172.265625,2,0.008960686,2220.0662142757783,1830.11061322616,4140.226413892663,0.12824813179347827,Aedes sierrensis
151.99908088235293,11,0.00054134097,4611.963443491403,3326.9115677472105,8854.695752640846,0.363911660064554,Aedes sierrensis
184.5703125,1,0.0071733864,2325.8782522660263,2475.593636766529,5271.889860733696,0.09799592391304347,Aedes sierrensis
198.76802884615384,3,0.00072932866,3037.244657343908,2755.0657553171914,6377.4169921875,0.1779162837009804,Aedes sierrensis
0.0,0,0.0034625402,2574.1783906858805,2323.281212142331,5187.9638671875,0.12311662946428571,Aedes sierrensis
95.703125,1,0.0005103058,3028.8106066902305,2788.016730794558,6449.70703125,0.16084216889880953,Aedes sierrensis
117.45383522727273,10,0.004700664,2440.161168070711,2289.1568358585773,4768.542316248599,0.12787604225056054,Aedes sierrensis
129.19921875,27,0.00061018276,4242.989280344455,3149.343674763323,8069.5166015625,0.3081622023809524,Aedes sierrensis
117.45383522727273,1,0.0026760038,4042.564436370303,3101.9871792178747,7840.6494140625,0.2854585193452381,Aedes sierrensis
71.77734375,3,0.0039238487,1951.2403229582535,2159.570772724052,3995.030329777644,0.07934100811298077,Aedes sierrensis
86.1328125,6,0.00049379223,3455.7733738347706,2950.384662285684,7199.4500628972455,0.2378233139124294,Aedes sierrensis
117.45383522727273,1,0.0006680004,3491.2519251156386,2934.686066884573,7367.9443359375,0.17724609375,Aedes sierrensis
107.666015625,13,0.0017871731,3151.1463686452344,2867.297561591462,6682.235663964106,0.11736583949937028,Aedes sierrensis
61.5234375,2,0.002770807,3433.7263451416034,2878.1304984839035,6887.864332932692,0.22461563501602563,Aedes sierrensis
172.265625,2,0.0018735166,1869.4193655265756,2165.3370260047122,3818.4309334590516,0.08305832435344827,Aedes sierrensis
123.046875,2,0.0010246832,2942.696876151513,2804.0917584322415,6369.2138671875,0.15298897879464285,Aedes sierrensis
103.359375,7,0.024010982,3436.085822905253,2236.652570611716,5806.769342705755,0.2440560218131188,Aedes sierrensis
129.19921875,4,0.018151246,3733.712195590865,2257.563228052833,6137.949144203244,0.26069000477099236,Aedes sierrensis
123.046875,2,0.0016083383,3501.448697636544,3068.743537389723,7520.670572916667,0.18165870949074073,Aedes sierrensis
0.0,0,0.0034932345,2549.107368404754,2456.157351331953,5011.85302734375,0.11181640625,Aedes sierrensis
117.45383522727273,11,0.0011782536,3028.248718199008,2772.777513772202,6298.582887113764,0.17816450140449439,Aedes sierrensis
107.666015625,8,0.00090022624,3347.0621424518336,2929.5011197010026,7007.072712988826,0.2189218531773743,Aedes sierrensis
161.4990234375,18,0.0007373299,2132.7790957571065,2657.0495001835848,4624.160259772527,0.08777502484540636,Aedes sierrensis
129.19921875,2,0.0009279237,4131.995965673917,3323.1419541219107,8422.236668786338,0.2717682594476744,Aedes sierrensis
0.0,0,0.007925219,1306.9608205059078,1855.4140077589177,2350.96435546875,0.04823521205357143,Aedes sierrensis
135.99917763157896,1,0.0012347209,2803.959761368167,2755.9694295629597,6149.8828125,0.14296875,Aedes sierrensis
184.5703125,26,0.018719256,3684.419216295447,2481.7449732250448,6356.562000184547,0.2203711962762467,Aedes sierrensis
99.38401442307692,7,0.00062029413,4144.1572399267,3153.5777419185665,8142.129607971557,0.27132941148952094,Aedes sierrensis
0.0,0,0.0014836089,1025.0914996422346,1489.8418396862226,1259.6923828125,0.020182291666666668,Aedes sierrensis
112.34714673913044,11,0.0015505414,4020.7259228668386,3167.122079805919,7896.745352909483,0.2294416756465517,Aedes sierrensis
135.99917763157896,6,0.0004810928,3299.7815448697074,2868.024660668829,6953.029477017597,0.20372231492718446,Aedes sierrensis
151.99908088235293,10,0.026544163,3396.6774201393787,2375.132356290466,5932.584165010838,0.19290496296965318,Aedes sierrensis
95.703125,4,0.00077061955,4042.9575527438524,3189.829338517038,8175.001786394817,0.28823678861788615,Aedes sierrensis
117.45383522727273,1,0.0025103926,1704.6674295928042,1909.4819062025858,3288.1201171875,0.0515625,Aedes sierrensis
112.34714673913044,7,0.0007389507,3442.5059110218235,2856.909239118884,6811.122838462271,0.21178306021341464,Aedes sierrensis
234.90767045454547,1,0.00081241236,3705.7990398703378,3097.0131306853546,7799.0570068359375,0.20550537109375,Aedes sierrensis
117.45383522727273,1,0.005614467,1450.5692602490096,1731.4465602716518,2173.77685546875,0.0681640625,Aedes sierrensis
161.4990234375,4,0.00064543134,3706.3150998337646,3061.293014412593,7661.2060546875,0.2390873015873016,Aedes sierrensis
117.45383522727273,1,0.0043776236,2345.137807327833,2104.842534349885,4285.107421875,0.07003348214285714,Aedes sierrensis
143.5546875,2,0.0064740274,2414.833098760649,2935.1516508772966,6068.2793978987065,0.05221241918103448,Aedes sierrensis
117.45383522727273,2,0.0008128923,3511.297671083851,3021.1512751824102,7342.556423611111,0.18551673418209877,Aedes sierrensis
135.99917763157896,40,0.0029483764,3582.9927604418785,2971.834197552031,7287.341908939549,0.16442003927595628,Aedes sierrensis
151.99908088235293,45,0.0018357465,3597.5531414233033,2896.445423045503,7155.081304226812,0.23130614634520885,Aedes sierrensis
107.666015625,41,0.0061155222,3498.507493138001,2944.665634773631,7132.380157284241,0.16068082914332993,Aedes sierrensis
117.45383522727273,35,0.0017219862,3473.834100519527,2908.95413656655,7058.203318251154,0.17824004885389183,Aedes sierrensis
117.45383522727273,35,0.0017219862,3473.834100519527,2908.95413656655,7058.203318251154,0.17824004885389183,Aedes sierrensis
135.99917763157896,40,0.0029483764,3582.9927604418785,2971.834197552031,7287.341908939549,0.16442003927595628,Aedes sierrensis
107.666015625,41,0.0061155222,3498.507493138001,2944.665634773631,7132.380157284241,0.16068082914332993,Aedes sierrensis
151.99908088235293,45,0.0018357465,3597.5531414233033,2896.445423045503,7155.081304226812,0.23130614634520885,Aedes sierrensis
64.599609375,3,0.0009081819,1951.9349335693548,2513.346264109835,4399.281607101213,0.056596898320895525,Aedes sierrensis
56.17357336956522,1,0.0017340047,1439.8571757805298,2107.0594248533134,2868.817883003049,0.045969893292682924,Aedes sierrensis
95.703125,16,0.0013927678,2074.3416341753255,2480.1941412047777,4426.281202362805,0.06493306974085365,Aedes sierrensis
129.19921875,27,0.0007780968,2072.6626006171605,2515.2602911337244,4507.914607432665,0.0596089793393186,Aedes sierrensis
95.703125,9,0.0010618963,2160.8886117012953,2459.1401431413938,4494.981384277344,0.0703091091579861,Aedes sierrensis
172.265625,28,0.0009785587,1971.2039067043786,2464.011121284597,4419.037807582393,0.05738986416270784,Aedes sierrensis
198.76802884615384,17,0.0013602636,1839.2544219187355,2427.075334301522,4186.8980030596485,0.05440901259505703,Aedes sierrensis
215.33203125,23,0.00078254397,2046.3082474800772,2612.216945336213,4718.501477363782,0.04612379807692308,Aedes sierrensis
161.4990234375,19,0.006042977,995.4054006649582,1569.8878359294745,1565.9423828125,0.04290893206908832,Aedes sierrensis
117.45383522727273,26,0.0031669678,1236.381868932794,1910.2699310034836,2725.133757895612,0.037298973570478726,Aedes sierrensis
161.4990234375,36,0.0015558583,2313.3221063546653,2361.4904761386474,4562.911203745249,0.08736110377956081,Aedes sierrensis
151.99908088235293,18,0.001382811,1938.1696303753736,2502.808451371197,4397.737023305085,0.050733249470338984,Aedes sierrensis
135.99917763157896,1,0.00070696184,2037.7054248215936,2607.2024453134604,4666.7236328125,0.043930242091049385,Aedes sierrensis
103.359375,6,0.00068619126,2197.101474486051,2551.902596572176,4705.784044767681,0.06137352658991228,Aedes sierrensis
135.99917763157896,20,0.004063988,1861.5498265452711,2415.7663698829165,4102.549585802802,0.057722888230363985,Aedes sierrensis
92.28515625,45,0.0035638171,1267.853905116491,1971.1778885360218,2865.6612470073082,0.03498653288810484,Aedes sierrensis
99.38401442307692,33,0.0038805702,1707.2278627927126,2253.1276987792967,3831.0136323423826,0.05148108417669584,Aedes sierrensis
198.76802884615384,16,0.000887969,2047.4137465446597,2533.055578244288,4630.607666015625,0.05454833984375,Aedes sierrensis
112.34714673913044,19,0.0052055665,1922.4272044603194,2389.1370300153117,4175.022821841033,0.05183801328502415,Aedes sierrensis
129.19921875,62,0.002110772,1836.9241006690338,2433.079251805102,4100.92520226635,0.050475129402089786,Aedes sierrensis
198.76802884615384,21,0.0013186163,1713.5508400115343,2296.07148595703,3850.25634765625,0.059088812934027776,Aedes sierrensis
69.83741554054055,4,0.00083263725,2174.922026571596,2551.545926226848,4771.178072415865,0.060986328125,Aedes sierrensis
103.359375,13,0.0016113057,1998.6661447082035,2482.329025026685,4442.109952780597,0.058094139718677495,Aedes sierrensis
123.046875,53,0.0004607077,3360.26468389152,2963.856153231863,6924.875131772759,0.2023176662141867,Aedes sierrensis
143.5546875,49,0.0024663028,1771.378764813455,2377.4505616781644,4050.8906563335563,0.06590595755347593,Aedes sierrensis
129.19921875,63,0.0004969801,3308.9652384482124,2922.811287797604,6819.875427812984,0.21375003023413314,Aedes sierrensis
123.046875,45,0.0006313746,3602.1679533211473,2850.7928491966195,6883.536707797897,0.2460739753699377,Aedes sierrensis
123.046875,24,0.0005229552,3343.393485548078,2932.232701476636,6850.346919674504,0.19478729767249528,Aedes sierrensis
151.99908088235293,43,0.00050524727,3463.564799480874,2885.3661688742427,6831.313049006583,0.2349413566782995,Aedes sierrensis
161.4990234375,17,0.0006625756,3251.942192381201,2892.135760663892,6759.463643582068,0.2046548718603972,Aedes sierrensis
135.99917763157896,58,0.00073979906,3340.391242481405,2898.8576156612717,6804.11718976756,0.2048026164618808,Aedes sierrensis
123.046875,60,0.00052129076,3329.9806082227224,2916.187533057177,6813.894963058124,0.21729322383949645,Aedes sierrensis
117.45383522727273,57,0.00056828314,3374.8453027900573,2874.072794819099,6732.284290797939,0.21997750580495357,Aedes sierrensis
112.34714673913044,52,0.00055749866,3223.11621034616,2910.8268396277285,6714.513527199074,0.19117396476337448,Aedes sierrensis
135.99917763157896,11,0.0020217567,3395.921887447686,2779.0295477791797,6573.0396708504095,0.228790449965847,Aedes sierrensis
123.046875,61,0.00072595576,3525.912030845006,2879.1287076353856,6895.458304107005,0.23119323541505418,Aedes sierrensis
143.5546875,67,0.00060475705,3388.6824223503554,2867.986187301511,6806.475508840461,0.22434142499516255,Aedes sierrensis
143.5546875,26,0.0007956307,3344.9962875546576,2928.6395281679825,6859.099264705882,0.2175298287717865,Aedes sierrensis
112.34714673913044,51,0.003865602,1738.9856754707366,2304.1619472111856,3936.1928650469235,0.0633885055872678,Aedes sierrensis
103.359375,50,0.0006395952,3527.584131322083,2857.5480364956993,6864.6668236322075,0.23210214904218265,Aedes sierrensis
135.99917763157896,49,0.0051110326,2710.092813462811,2737.3118028427316,5814.236842105263,0.13796463815789473,Aedes sierrensis
135.99917763157896,49,0.0051110326,2710.092813462811,2737.3118028427316,5814.236842105263,0.13796463815789473,Aedes sierrensis
135.99917763157896,5,0.000926334,3215.719029986103,2848.7096527276435,6742.152235243056,0.21420476466049382,Aedes sierrensis
135.99917763157896,17,0.0005496497,3743.7941189101043,3029.9801594777655,7769.958289194915,0.2780982410840395,Aedes sierrensis
83.35433467741936,5,0.0007674557,3760.863977643234,3070.525300580534,7728.162408644153,0.28738239247311825,Aedes sierrensis
123.046875,34,0.0032359173,2681.4067485708642,2427.678457728497,5327.779789294226,0.1641549148128531,Aedes sierrensis
123.046875,9,0.0008396192,3886.6992805183,3118.3754395089995,7848.1527099609375,0.2894189453125,Aedes sierrensis
103.359375,6,0.0011173529,3463.275290994902,2870.5556287541062,7118.427209009098,0.2261082130142405,Aedes sierrensis
107.666015625,7,0.0006696832,3437.649947017142,2870.4704780387606,7052.633685049926,0.23014804456360946,Aedes sierrensis
80.74951171875,4,0.00093445677,2903.473933215411,2861.883969139133,6446.068548387097,0.13132402973790322,Aedes sierrensis
95.703125,7,0.0005904098,3845.0546895141474,3114.838554906773,7950.88831350344,0.2875662987385321,Aedes sierrensis
172.265625,23,0.0007696671,3456.460265944909,2939.4569533536755,7198.3231393914475,0.24615867382271467,Aedes sierrensis
80.74951171875,6,0.0008651588,3394.2541156139346,2797.6769313614022,6894.09619941086,0.21219956028005466,Aedes sierrensis
86.1328125,10,0.0008360842,2783.1300145810833,2665.891374921035,5839.234908585696,0.16367825118127147,Aedes sierrensis
258.3984375,17,0.0012616554,2771.6941012133598,2866.566292756297,6363.648792613636,0.12407670454545454,Aedes sierrensis
161.4990234375,17,0.0005146222,3892.3462807987635,3084.6909613603566,7930.638834635417,0.30316478587962964,Aedes sierrensis
135.99917763157896,10,0.0016655363,3839.189021680638,2932.822457823627,7627.089777467478,0.2921446373020362,Aedes sierrensis
107.666015625,33,0.0014301994,2614.379411265332,2668.0538911561957,5523.85340686093,0.12039256886848342,Aedes sierrensis
151.99908088235293,13,0.00060074276,3639.55783643525,2899.7165668054618,7349.261115579044,0.26688160615808826,Aedes sierrensis
184.5703125,9,0.0007664951,3192.822661561116,2921.990355046965,6927.277260638298,0.19059244791666666,Aedes sierrensis
50.666360294117645,2,0.00052869116,3244.9846673480497,2807.4685856215965,6740.188906608371,0.21702533686926606,Aedes sierrensis
151.99908088235293,20,0.00059278344,3532.62383852452,2959.574555493553,7381.12203403154,0.24439912683823528,Aedes sierrensis
112.34714673913044,13,0.0009096337,3770.039532690824,3034.337646809399,7591.41198426379,0.27662262288701067,Aedes sierrensis
92.28515625,2,0.004154562,1382.782204813008,2102.1419803757426,2705.353338068182,0.053193063446969696,Aedes sierrensis
95.703125,7,0.004228546,4033.068357223313,3036.0155877011875,7734.3181741648705,0.30285434065193967,Aedes sierrensis
123.046875,36,0.00079000305,3455.611720406209,2886.9942244196277,7111.9384765625,0.24892439337047803,Aedes sierrensis
80.74951171875,7,0.0007355249,3450.7244290529734,2834.025280199582,7045.952922541921,0.25208412728658536,Aedes sierrensis
117.45383522727273,2,0.00079282233,3827.4626571721346,3003.126778243494,7733.058794806985,0.2933947993259804,Aedes sierrensis
123.046875,10,0.0044191475,2726.3126024302082,2659.8364495288424,5756.282636415155,0.15208822457901555,Aedes sierrensis
107.666015625,7,0.0015447051,3421.2553649953998,2858.8664907210705,7066.805752840909,0.23183876226756198,Aedes sierrensis
135.99917763157896,12,0.00066221453,3188.5444778033507,2916.929079286933,6931.89697265625,0.18455641831808944,Aedes sierrensis
123.046875,7,0.0008295451,2710.7229934932393,2798.222267508079,6038.558467741936,0.1360703335013441,Aedes sierrensis
143.5546875,63,0.00126676,4245.229893680027,3112.133489789291,8064.46990427617,0.33332312486196997,Aedes sierrensis
151.99908088235293,57,0.0005445136,4234.547597935182,3127.7462348191616,8066.478719590586,0.3161384164029536,Aedes sierrensis
161.4990234375,79,0.0005073196,4548.219907845869,3182.564891490567,8519.523483607052,0.36407187258126933,Aedes sierrensis
103.359375,45,0.00081206736,4093.722783978946,3134.486312463349,8097.384369557856,0.283447265625,Aedes sierrensis
135.99917763157896,49,0.0007663203,4304.433486880866,3135.4605491070934,8139.941041861008,0.33223218450159914,Aedes sierrensis
129.19921875,58,0.00061195786,4109.960187066321,3148.381315610455,8115.412004713159,0.30004059866573035,Aedes sierrensis
117.45383522727273,41,0.0010286566,4155.498279325272,3151.264331082328,7974.80393214779,0.29094008977900554,Aedes sierrensis
143.5546875,68,0.0008327933,3970.4990909677877,3149.731884382916,7974.343446902815,0.2842140788264319,Aedes sierrensis
172.265625,84,0.0008509565,3765.648735188242,3111.5212048066205,7743.386510134482,0.25549391991582815,Aedes sierrensis
123.046875,36,0.0004169372,4448.216604649028,3168.006247695877,8415.690767185446,0.34989682572273323,Aedes sierrensis
135.99917763157896,59,0.00056152104,4452.386191136786,3173.388783446809,8445.07007495777,0.3461007882882883,Aedes sierrensis
123.046875,37,0.0009102313,4133.306438232091,3207.584404442679,8199.777323666453,0.30286052478309766,Aedes sierrensis
123.046875,58,0.0011411366,4359.964137563858,3123.434020099046,8291.59008161048,0.32996233483219456,Aedes sierrensis
129.19921875,52,0.0012838697,3008.260545576307,3136.0782341410263,7239.036011695862,0.12606143951416016,Aedes sierrensis
112.34714673913044,42,0.0013675076,4077.6711539040953,3102.420198250161,8044.639892578125,0.2767478475765306,Aedes sierrensis
129.19921875,65,0.0009581639,4435.931559577685,3102.9871990776232,8308.41642680921,0.32301656528154027,Aedes sierrensis
89.10290948275862,29,0.0004892683,4236.784896767797,3185.1670727147252,8275.235749204716,0.3155133093188623,Aedes sierrensis
172.265625,69,0.0008554208,4106.643800518425,3126.6265256797296,8039.634718762094,0.3090030445772059,Aedes sierrensis
172.265625,65,0.0020673983,2653.867801391037,2784.8981348917673,6046.421620543574,0.13246863996478872,Aedes sierrensis
172.265625,69,0.0008554208,4106.643800518425,3126.6265256797296,8039.634718762094,0.3090030445772059,Aedes sierrensis
103.359375,45,0.00081206736,4093.722799825227,3134.486320156571,8097.384369557856,0.283447265625,Aedes sierrensis
117.45383522727273,41,0.0010286566,4155.498279325272,3151.264331082328,7974.80393214779,0.29094008977900554,Aedes sierrensis
129.19921875,52,0.0012838697,3008.260545576307,3136.0782341410263,7239.036011695862,0.12606143951416016,Aedes sierrensis
172.265625,65,0.0020673983,2653.867793128938,2784.8981384969225,6046.421620543574,0.13246863996478872,Aedes sierrensis
135.99917763157896,59,0.000561521,4452.386150449977,3173.388835283886,8445.07007495777,0.3461007882882883,Aedes sierrensis
129.19921875,65,0.0009581639,4435.931559577685,3102.9871990776232,8308.41642680921,0.32301656528154027,Aedes sierrensis
123.046875,36,0.0004169372,4448.216604649028,3168.006247695877,8415.690767185446,0.34989682572273323,Aedes sierrensis
123.046875,37,0.0009102313,4133.306438232091,3207.584404442679,8199.777323666453,0.30286052478309766,Aedes sierrensis
161.4990234375,79,0.0005073196,4548.219907845869,3182.564891490567,8519.523483607052,0.36407187258126933,Aedes sierrensis
143.5546875,68,0.0008327933,3970.4990909677877,3149.731884382916,7974.343446902815,0.2842140788264319,Aedes sierrensis
123.046875,58,0.0011411366,4359.964137563858,3123.434020099046,8291.59008161048,0.32996233483219456,Aedes sierrensis
112.34714673913044,42,0.0013675076,4077.6711539040953,3102.420198250161,8044.639892578125,0.2767478475765306,Aedes sierrensis
172.265625,84,0.0008509565,3765.648735188242,3111.5212048066205,7743.386510134482,0.25549391991582815,Aedes sierrensis
151.99908088235293,57,0.0005445136,4234.547597935182,3127.7462348191616,8066.478719590586,0.3161384164029536,Aedes sierrensis
89.10290948275862,29,0.0004892683,4236.784896767797,3185.1670727147252,8275.235749204716,0.3155133093188623,Aedes sierrensis
129.19921875,58,0.00061195786,4109.960187066321,3148.381315610455,8115.412004713159,0.30004059866573035,Aedes sierrensis
143.5546875,63,0.00126676,4245.229889949534,3112.1334850641524,8064.46990427617,0.33332312486196997,Aedes sierrensis
135.99917763157896,49,0.0007663203,4304.433486880866,3135.4605491070934,8139.941041861008,0.33223218450159914,Aedes sierrensis
123.046875,58,0.009780464,3241.580169511221,2919.2832870208845,6845.650271956028,0.11696376741486068,Aedes sierrensis
129.19921875,59,0.005128911,2662.0999712995613,3018.1108265079683,6483.620773776384,0.067942955436677,Aedes sierrensis
161.4990234375,42,0.017643854,2582.520800046121,2797.5844504286915,5873.733101957806,0.07664845310419441,Aedes sierrensis
107.666015625,50,0.0035442133,2809.8695505576593,3032.4039847442878,6573.185252848055,0.09046884070239938,Aedes sierrensis
123.046875,57,0.0069142664,2225.7320638018014,2730.0379927190534,5243.959957158233,0.07281815378289473,Aedes sierrensis
151.99908088235293,73,0.011054113,2267.603962431742,2821.8173641650387,5640.715891362713,0.06177853799825851,Aedes sierrensis
107.666015625,50,0.0035442133,2809.8695665896535,3032.404038984486,6573.185252848055,0.09046884070239938,Aedes sierrensis
151.99908088235293,73,0.011054113,2267.603835403006,2821.817285058686,5640.715891362713,0.06177853799825851,Aedes sierrensis
123.046875,57,0.006914266,2225.732180183347,2730.0380736748966,5243.959957158233,0.07281815378289473,Aedes sierrensis
161.4990234375,42,0.017643854,2582.520800046121,2797.5844504286915,5873.733101957806,0.07664845310419441,Aedes sierrensis
129.19921875,59,0.005128911,2662.0999712995613,3018.1108265079683,6483.620773776384,0.067942955436677,Aedes sierrensis
123.046875,58,0.009780464,3241.580166470019,2919.2832882567454,6845.650271956028,0.11696376741486068,Aedes sierrensis
143.5546875,49,0.005415261,3619.506904508471,3003.3932138986147,7360.158108509948,0.2318232095227797,Aedes sierrensis
215.33203125,18,0.0014859525,4111.414742797905,3106.1456964825215,8072.010051448171,0.31920969893292683,Aedes sierrensis
161.4990234375,14,0.0009053083,4471.868891489275,3285.1105427393827,8655.411430027174,0.35115141736660077,Aedes sierrensis
75.99954044117646,22,0.0020622546,3276.615594081018,3286.980141287789,7775.3684075755145,0.1436733059527635,Aedes sierrensis
89.10290948275862,22,0.0023852692,3314.1668898243793,3202.637884785809,7581.303340676836,0.16155629813388625,Aedes sierrensis
107.666015625,41,0.0034964166,2377.51237215184,2612.0976478805123,5338.001055171246,0.10228207236842106,Aedes sierrensis
129.19921875,22,0.00086307974,4449.752334955597,3287.302172968256,8675.384965376421,0.3392400568181818,Aedes sierrensis
103.359375,2,0.0010762749,4042.5706698300146,3259.232102895033,8303.382568359375,0.27352701822916664,Aedes sierrensis
112.34714673913044,19,0.001950711,3699.3884028189377,3084.642602052585,7695.104471842448,0.24790898075810186,Aedes sierrensis
184.5703125,41,0.0073807226,4189.615722270359,3146.435600818349,7915.402758312056,0.3115355794849023,Aedes sierrensis
107.666015625,5,0.0020791397,4861.730775004263,3444.9739221318396,9130.873917289402,0.39284774116847826,Aedes sierrensis
92.28515625,16,0.0021067632,3219.100929042138,3268.668519677288,7605.958946078431,0.14614715243736384,Aedes sierrensis
103.359375,18,0.0014009859,3715.747170186811,3072.134594780498,7756.4963942307695,0.2555460164835165,Aedes sierrensis
172.265625,47,0.004204864,3628.4040673599707,3136.929098209705,7518.898541739817,0.22518475136060392,Aedes sierrensis
95.703125,11,0.002257564,2538.295571044691,3035.3199894143295,6483.00146484375,0.09726702008928571,Aedes sierrensis
135.99917763157896,26,0.005246794,2924.7243585931114,2997.181724078883,6740.314109018149,0.11069168663336053,Aedes sierrensis
143.5546875,7,0.0040854192,3991.9926090699587,3190.7647274446863,7944.2138671875,0.2543519035218254,Aedes sierrensis
95.703125,10,0.0010914109,4631.993284405774,3091.6777667671377,8376.193258351293,0.3777495285560345,Aedes sierrensis
135.99917763157896,7,0.009787672,2934.840359671167,2704.4848057134136,5633.1720703125,0.21382421875,Aedes sierrensis
103.359375,21,0.0009185686,4506.059969164687,3267.8536010427943,8666.13712086397,0.3529584099264706,Aedes sierrensis
143.5546875,60,0.0019818705,4730.814339238533,3194.784536851842,8626.905894886364,0.39062144886363637,Aedes sierrensis
112.34714673913044,15,0.0015673336,4040.8062484754787,3087.3837365398726,7794.0247908882475,0.2864658521569293,Aedes sierrensis
107.666015625,41,0.0034964166,2377.51237215184,2612.0976478805123,5338.001055171246,0.10228207236842106,Aedes sierrensis
143.5546875,49,0.005415261,3619.5069202044256,3003.3932374126825,7360.158108509948,0.2318232095227797,Aedes sierrensis
112.34714673913044,15,0.0015673336,4040.8062484754787,3087.3837365398726,7794.0247908882475,0.2864658521569293,Aedes sierrensis
215.33203125,18,0.0014859525,4111.414742797905,3106.1456964825215,8072.010051448171,0.31920969893292683,Aedes sierrensis
92.28515625,16,0.0021067632,3219.100929042138,3268.668519677288,7605.958946078431,0.14614715243736384,Aedes sierrensis
143.5546875,7,0.0040854192,3991.9926090699587,3190.7647274446863,7944.2138671875,0.2543519035218254,Aedes sierrensis
89.10290948275862,22,0.0023852692,3314.1668898243793,3202.637884785809,7581.303340676836,0.16155629813388625,Aedes sierrensis
95.703125,11,0.002257564,2538.295571044691,3035.3199894143295,6483.00146484375,0.09726702008928571,Aedes sierrensis
103.359375,18,0.0014009859,3715.747170186811,3072.134594780498,7756.4963942307695,0.2555460164835165,Aedes sierrensis
107.666015625,5,0.0020791397,4861.730775004263,3444.9739221318396,9130.873917289402,0.39284774116847826,Aedes sierrensis
75.99954044117646,22,0.0020622546,3276.615594081018,3286.980141287789,7775.3684075755145,0.1436733059527635,Aedes sierrensis
184.5703125,41,0.0073807226,4189.615722270359,3146.435600818349,7915.402758312056,0.3115355794849023,Aedes sierrensis
161.4990234375,14,0.0009053083,4471.868891489275,3285.1105427393827,8655.411430027174,0.35115141736660077,Aedes sierrensis
129.19921875,22,0.00086307974,4449.752334955597,3287.302172968256,8675.384965376421,0.3392400568181818,Aedes sierrensis
95.703125,10,0.0010914109,4631.993284405774,3091.6777667671377,8376.193258351293,0.3777495285560345,Aedes sierrensis
135.99917763157896,26,0.005246794,2924.7243585931114,2997.181724078883,6740.314109018149,0.11069168663336053,Aedes sierrensis
112.34714673913044,19,0.001950711,3699.3884028189377,3084.642602052585,7695.104471842448,0.24790898075810186,Aedes sierrensis
103.359375,21,0.0009185686,4506.059969164687,3267.8536010427943,8666.13712086397,0.3529584099264706,Aedes sierrensis
172.265625,47,0.004204864,3628.4040673599707,3136.929098209705,7518.898541739817,0.22518475136060392,Aedes sierrensis
143.5546875,60,0.0019818705,4730.814339238533,3194.784536851842,8626.905894886364,0.39062144886363637,Aedes sierrensis
103.359375,2,0.0010762749,4042.5706698300146,3259.232102895033,8303.382568359375,0.27352701822916664,Aedes sierrensis
135.99917763157896,7,0.009787672,2934.840359671167,2704.4848057134136,5633.1720703125,0.21382421875,Aedes sierrensis
78.30255681818181,31,0.0038211688,2188.9405561583067,2543.6625315095516,4761.562874147397,0.16203303381385448,Aedes sierrensis
161.4990234375,1,2.1932916e-08,28.335887843758155,20.81864113961614,45.71107022482855,0.0004042627805486284,Aedes sierrensis
86.1328125,29,0.0014804271,2772.886996469193,2626.600701924538,5520.852123408896,0.2530660040045767,Aedes sierrensis
66.25600961538461,19,3.12236e-05,1485.9550821818596,1026.6501643757279,2767.029779777387,0.10564266657741737,Aedes sierrensis
151.99908088235293,66,0.0018218283,2446.6007649255853,2591.7947777595523,5586.274553895366,0.25788128265286375,Aedes sierrensis
92.28515625,2,8.077128e-08,181.8962602776621,97.83012865176887,294.49821920955884,0.0062886996904024765,Aedes sierrensis
66.25600961538461,12,0.0029084834,2825.590224191746,2509.8003157268245,5896.998180042614,0.23955189098011365,Aedes sierrensis
117.45383522727273,37,0.0020886476,2561.177937936969,2730.2685140337658,5449.600380345395,0.18737377249419504,Aedes sierrensis
215.33203125,32,9.6242955e-05,2380.2572181814353,1520.3460014304978,4192.793782552083,0.13000036168981483,Aedes sierrensis
92.28515625,2,0.013544056,2845.1093655144805,2559.7698789616215,5488.1982421875,0.18780691964285715,Aedes sierrensis
143.5546875,8,2.1389498e-05,1425.0697137794984,914.7682791023643,2453.3139436141305,0.07558654406055901,Aedes sierrensis
112.34714673913044,31,0.007263074,2270.6331942412344,2092.623439155094,4434.176072796572,0.257177655365089,Aedes sierrensis
129.19921875,23,7.013138e-05,3005.4563685677185,3004.883818792299,7052.0097283041405,0.4490715399416136,Aedes sierrensis
215.33203125,27,0.0026592673,2985.723363823107,2397.689605387438,5690.06777049309,0.35077609728329145,Aedes sierrensis
151.99908088235293,12,0.0013271169,4194.813373417981,3315.9933699112944,8452.619009067357,0.2765594640544041,Aedes sierrensis
172.265625,16,0.0024982714,3082.373672492961,3191.371682479592,7411.201171875,0.12636519451530612,Aedes sierrensis
112.34714673913044,18,0.0023388881,4346.311888632625,3259.107433584313,8497.406572708558,0.3156174068574514,Aedes sierrensis
86.1328125,4,0.0011693884,4382.31780384468,3277.9482620897543,8636.9677734375,0.3355379971590909,Aedes sierrensis
86.1328125,5,0.0011957451,4480.7719939509925,3173.8586144350265,8430.2490234375,0.35216703869047616,Aedes sierrensis
95.703125,30,0.0019575998,3868.8598281747218,3242.1705928059514,8021.9084922157035,0.25556617121690733,Aedes sierrensis
129.19921875,51,0.006187978,3606.0228145608676,3049.5986119521503,7409.483119419643,0.21947079613095238,Aedes sierrensis
69.83741554054055,3,0.0009746827,4492.962692973336,3215.525044851361,8551.59153293919,0.36224662162162163,Aedes sierrensis
95.703125,30,0.0019575998,3868.859925699174,3242.17070944082,8021.9084922157035,0.25556617121690733,Aedes sierrensis
86.1328125,4,0.0011693884,4382.31780384468,3277.9482620897543,8636.9677734375,0.3355379971590909,Aedes sierrensis
86.1328125,5,0.0011957451,4480.7719939509925,3173.8586144350265,8430.2490234375,0.35216703869047616,Aedes sierrensis
151.99908088235293,12,0.0013271169,4194.813373417981,3315.9933699112944,8452.619009067357,0.2765594640544041,Aedes sierrensis
172.265625,16,0.0024982714,3082.373672492961,3191.371682479592,7411.201171875,0.12636519451530612,Aedes sierrensis
112.34714673913044,18,0.0023388881,4346.3120128199735,3259.1074754839374,8497.406572708558,0.3156174068574514,Aedes sierrensis
129.19921875,51,0.006187978,3606.0228305739247,3049.5986053006254,7409.483119419643,0.21947079613095238,Aedes sierrensis
69.83741554054055,3,0.0009746827,4492.962692973336,3215.525044851361,8551.59153293919,0.36224662162162163,Aedes sierrensis
135.99917763157896,34,0.0064254864,4166.857778638243,2536.2098986184315,6956.487253615293,0.30965930195126784,Aedes sierrensis
143.5546875,45,0.008357883,4203.83666682697,2581.2240459014365,7012.821446984616,0.30900190899970276,Aedes sierrensis
103.359375,9,0.0019355618,4596.360888990444,2732.6732459142286,7689.973525130704,0.3343872534458175,Aedes sierrensis
135.99917763157896,40,0.001091695,4625.2371507542675,2671.459646557003,7593.233523161515,0.3643904976222826,Aedes sierrensis
123.046875,62,0.007325069,4354.547135993752,2614.37898292817,7167.198327598926,0.33676742695433437,Aedes sierrensis
123.046875,12,0.0020820554,4707.211781836393,2727.79757158378,7795.674533626426,0.3696121970057034,Aedes sierrensis
172.265625,42,0.0015093759,4392.863480796053,2740.1006334857425,7408.275013000198,0.33936243314183834,Aedes sierrensis
112.34714673913044,56,0.007803313,4304.086702294154,2616.019449875147,7177.106601018286,0.31992436931598295,Aedes sierrensis
215.33203125,65,0.0010835023,4684.9423648984875,2742.5341385900088,7829.450795130077,0.3515916233740482,Aedes sierrensis
117.45383522727273,46,0.008835838,3583.480089360866,2600.6428374633133,6481.979608631325,0.24011108153807614,Aedes sierrensis
107.666015625,52,0.013780245,2018.6714190031003,2308.097737855548,4651.009650234189,0.08874715007930215,Aedes sierrensis
135.99917763157896,30,0.001411821,4529.161746315677,2764.201548353802,7675.860447867107,0.3181270612564879,Aedes sierrensis
161.4990234375,80,0.008299015,1276.790746131556,863.4522839418693,2325.4692715387964,0.09198735003869969,Anopheles merus
112.34714673913044,43,0.0067529753,1269.7628487401819,887.3630514359799,2366.4273572041893,0.09195069115228328,Anopheles merus
112.34714673913044,53,0.006268819,1317.0903590449589,895.4212345249293,2433.1269538808533,0.09885314374516253,Anopheles merus
64.599609375,29,0.009466247,1282.4476579378377,852.0225908640913,2310.677694314774,0.09311470527767028,Anopheles merus
83.35433467741936,24,0.007101521,1285.3562548533139,868.1065602514143,2350.769118554083,0.09384334788602941,Anopheles merus
99.38401442307692,48,0.0076504936,1180.2544365028652,918.3013737452243,2323.127619031782,0.08022665017898607,Anopheles quadrimaculatus
135.99917763157896,69,0.0068836063,1207.9850119973653,925.7539083393775,2364.094037980118,0.08529162333107586,Anopheles quadrimaculatus
107.666015625,44,0.010582768,1153.1081257313792,900.89262019868,2253.3947073638255,0.0762686242260062,Anopheles quadrimaculatus
161.4990234375,63,0.00736042,1190.4340616855893,925.9633191115529,2352.4774415574207,0.07938727505804953,Anopheles quadrimaculatus
143.5546875,71,0.008982861,1158.3214848870894,906.7846245114139,2282.1112003857875,0.07485593435565016,Anopheles quadrimaculatus
107.666015625,44,0.0074417554,2699.998081747924,2821.3179071287336,6056.96337437113,0.08397795024671052,Anopheles quadrimaculatus
123.046875,54,0.013509766,1213.5235502019343,867.3394446438283,2259.411337648752,0.08312761525251548,Anopheles atroparvus
215.33203125,107,0.010967194,1230.771149446823,867.8544071894471,2267.1612907858457,0.08655994521575078,Anopheles atroparvus
78.30255681818181,36,0.014938614,1183.7485589255255,838.625673255658,2164.961908771527,0.07688804602844428,Anopheles atroparvus
99.38401442307692,49,0.010260064,1220.4595156819773,865.9592862331442,2256.844686502274,0.08554672382933437,Anopheles atroparvus
86.1328125,42,0.009563245,1246.1549315311672,877.9221291880194,2317.6026524404992,0.08891631796633127,Anopheles atroparvus
161.4990234375,75,0.005546247,2857.7987023360765,2673.5326251857805,6493.369068818934,0.11790215932178792,Anopheles atroparvus
95.703125,46,0.005102351,3701.993761608104,2727.164089822192,6663.90970424971,0.25864847378095973,Anopheles atroparvus
117.45383522727273,45,0.00094070303,3242.454459835879,2986.253983169018,7114.71531162321,0.15356672068498453,Culiseta incidens
123.046875,64,0.0039631524,2806.3976039078143,2720.3212712044215,5996.788738238923,0.1326738009142802,Culiseta incidens
80.74951171875,16,0.0020395138,3442.6451457079984,3074.8940868575282,7444.918673155737,0.1642795138888889,Culiseta incidens
198.76802884615384,97,0.0012328414,3331.589312050157,3010.787364928337,7220.198007117115,0.17222269253095976,Culiseta incidens
103.359375,34,0.0009512117,3242.640403011005,3047.913724569217,7214.9429026851585,0.15397874396992053,Culiseta incidens
99.38401442307692,49,0.0010816967,2945.216299713433,2994.4274035483186,6850.05024534999,0.11824531673277863,Culiseta incidens
129.19921875,60,0.0015249837,3282.722719172373,3048.3596247062283,7246.114517070191,0.13697725183823528,Culiseta incidens
129.19921875,56,0.0025662852,3456.4684143437444,3021.7034455143853,7328.230687191612,0.17385646949980652,Culiseta incidens
151.99908088235293,74,0.0010680913,2958.277373522971,3016.0495581876203,6914.130911066012,0.11250190859120521,Culiseta incidens
107.666015625,49,0.0014865071,3599.932948290121,3014.295545653066,7465.879854845927,0.20340617743808048,Culiseta incidens
123.046875,62,0.0025774196,3583.517030327354,2929.1768358288587,7228.00629323481,0.22778698239164086,Culiseta incidens
117.45383522727273,55,0.0025113544,2959.069050889031,2964.171926424233,6758.742464142318,0.11709830930727554,Culiseta incidens
99.38401442307692,42,0.0007427672,3373.6924512297023,3018.664003406251,7311.814119793682,0.15623979598006965,Culiseta incidens
92.28515625,45,0.001004641,3043.393675563735,3023.317295383499,6993.949375211639,0.12859332672213622,Culiseta incidens
117.45383522727273,59,0.0007494234,3332.32924961677,3025.4156689137862,7297.639205507449,0.15940871105843654,Culiseta incidens
129.19921875,62,0.0025106724,3365.698336312674,2946.5394137857156,7074.365555612664,0.18285679300503097,Culiseta incidens
172.265625,74,0.008125024,2475.413736631895,2704.4897215513456,5407.792299819805,0.08527764004450464,Culiseta incidens
151.99908088235293,75,0.0009971645,3858.062893912731,3020.2201365841834,7701.803428248355,0.25923463803695823,Culiseta incidens
107.666015625,54,0.0014106835,3092.3881496330437,3056.7832421719545,7117.048630847281,0.1227800587751548,Culiseta incidens
95.703125,43,0.0013218889,3447.6892122528084,3098.9889859253904,7436.471699339687,0.1599914739744582,Culiseta incidens
112.34714673913044,56,0.0010534393,2987.03995605433,2979.8926820059874,6844.091948045666,0.12283939326141641,Culiseta incidens
80.74951171875,36,0.002195243,3040.1334907316923,2964.3107126326195,6848.225256385449,0.12913413977844426,Culiseta incidens
99.38401442307692,45,0.0052902773,3509.894792074614,3138.412796027674,7593.187882133152,0.1160542629076087,Culiseta incidens
123.046875,21,0.0012716766,3835.3361433362156,3106.2311122467786,7801.814231075986,0.20706183838457076,Culiseta incidens
143.5546875,64,0.006845791,2313.1334073117196,2594.9496638670876,5148.785532664958,0.08915819103134674,Culiseta incidens
135.99917763157896,67,0.0009821226,3046.9057104732296,3021.8427663801276,6999.816006403589,0.13044441152283281,Culiseta incidens
117.45383522727273,43,0.002688981,2967.6918115418034,2910.7289578501623,6596.185113771043,0.13518928079044118,Culiseta incidens
151.99908088235293,67,0.003052279,2496.3611788224002,2738.167039604444,5729.300629377986,0.09600517213292789,Culiseta incidens
123.046875,62,0.0013564096,3143.0575454348764,3021.348004660447,7077.423870452786,0.13707853618421054,Culiseta incidens
123.046875,62,0.0011643606,3278.4336967866993,3056.8129088622577,7230.814609586639,0.1502345412877322,Culiseta incidens
129.19921875,64,0.0030669656,3583.0124037643186,3129.835517594864,7665.320315523413,0.14001011331753097,Culiseta incidens
135.99917763157896,69,0.0011297899,3077.72965645848,2953.252205763702,6904.558249080882,0.12387188890770123,Culiseta incidens
112.34714673913044,56,0.00074999966,3375.6059281500316,3027.299006234073,7328.530685377564,0.15531387565305727,Culiseta incidens
143.5546875,68,0.001948332,2821.9185236361354,2940.8637252562253,6532.577165066274,0.09519179022349071,Culiseta incidens
123.046875,56,0.011489265,3663.0627426489373,3337.50834183593,8091.692737307711,0.12611110439241485,Culiseta incidens
99.38401442307692,47,0.0031458254,2722.1413555671957,2787.3776793322727,6021.463589033475,0.10701409212945047,Culiseta incidens
143.5546875,71,0.002598428,3032.0276079322152,2899.225337106105,6621.401627956899,0.13101356907894737,Culiseta incidens
61.5234375,1,0.00021631992,970.2842872153979,832.7351100468751,1933.8751975070224,0.0684691011235955,Anopheles farauti
112.34714673913044,45,0.0004034164,1012.9524021382513,971.9282748365285,2230.80317730505,0.0599195167376161,Anopheles farauti
161.4990234375,79,0.0003707043,993.4301186151638,977.6930412249513,2249.0614002334073,0.056544253700657895,Anopheles farauti
86.1328125,1,0.00038556376,1027.2310594620167,948.2994303910274,2207.436651932566,0.06602219252558479,Anopheles farauti
83.35433467741936,24,0.00046820575,974.4990632988198,939.6433998692545,2137.603740869292,0.05740101344814241,Anopheles farauti
107.666015625,46,0.0004414014,985.1355989744368,965.4642525389631,2199.0041632401317,0.05696247454573935,Anopheles farauti
107.666015625,45,0.00042213735,975.33525949634,963.3680389651801,2185.0701205132546,0.05369997762674149,Anopheles farauti
184.5703125,92,0.0032996563,1348.361948875491,966.2250359784578,2588.7426795605165,0.10583647264415634,Anopheles farauti
73.828125,34,0.0026806558,1371.9297307061404,969.2052175245304,2612.6092019095877,0.1123814066128096,Anopheles farauti
44.55145474137931,13,0.0034243132,1371.7830711315823,968.5711204274616,2627.117447513545,0.10975141495743033,Anopheles farauti
103.359375,50,0.0031396074,1391.1817562875974,957.7891628652474,2606.2175738922215,0.11473702351006192,Anopheles farauti
198.76802884615384,59,0.003325314,1354.9299624635833,962.4860845361014,2585.0427019337753,0.10740826964009288,Anopheles farauti
258.3984375,83,0.003243623,1339.6023808535099,964.3822595939282,2575.984423374613,0.10596723526993033,Anopheles farauti
135.99917763157896,48,0.0010319254,2614.399205184207,3122.2082516992427,6944.95233106453,0.07876419460386339,Anopheles farauti
117.45383522727273,58,0.004699513,2578.042111476062,2610.403550396981,6081.1382281890965,0.07036465387964397,Anopheles farauti
117.45383522727273,47,0.003899925,2263.74984079354,2585.921411053662,5826.431435032895,0.03856817192337461,Anopheles farauti
95.703125,37,0.0045176507,2189.41874790362,2538.7166049130255,5649.1158405693695,0.04260896381578947,Anopheles farauti
135.99917763157896,48,0.0010319254,2614.399205184207,3122.2082516992427,6944.95233106453,0.07876419460386339,Anopheles farauti
117.45383522727273,60,0.003963291,2181.160184972783,2555.7776117568187,5679.915654327109,0.042594224675890094,Anopheles farauti
112.34714673913044,54,0.0040976214,2497.67065523339,2616.1765265433787,6026.371892686968,0.05963871722619969,Anopheles farauti
117.45383522727273,59,0.00329469,2817.1394198444036,2845.9343220582828,6374.836452236116,0.134294728376548,Anopheles farauti
129.19921875,66,0.002812569,2637.540804097127,2776.6601607233824,6093.76315184791,0.11990479271478328,Anopheles farauti
184.5703125,29,0.0032400952,2570.284938609471,2612.5157907807347,5612.2705078125,0.12355143229166667,Anopheles farauti
135.99917763157896,48,0.0010319254,2614.399205184207,3122.2082516992427,6944.95233106453,0.07876419460386339,Anopheles farauti
123.046875,39,0.00252579,2451.434423248277,2725.0059128552048,5818.097744594284,0.11178238176191932,Anopheles farauti
151.99908088235293,76,0.0030560151,2727.6818252214525,2837.870498779017,6326.3367455072075,0.1245884378628096,Anopheles farauti
143.5546875,70,0.0023203765,2568.986226387806,2777.653334240134,6047.580097777187,0.11435947477263932,Anopheles farauti
135.99917763157896,61,0.0029879226,2936.6265602890403,2873.735468761882,6545.21042200803,0.15264949267124614,Anopheles farauti
117.45383522727273,58,0.002541679,2858.7916539371104,2883.393449328757,6454.185972420424,0.14168999733939627,Anopheles farauti
117.45383522727273,59,0.00329469,2817.1394198444036,2845.9343220582828,6374.836452236116,0.134294728376548,Anopheles farauti
135.99917763157896,61,0.0029879226,2936.6265602890403,2873.735468761882,6545.21042200803,0.15264949267124614,Anopheles farauti
123.046875,39,0.00252579,2451.434423248277,2725.0059128552048,5818.097744594284,0.11178238176191932,Anopheles farauti
184.5703125,29,0.0032400952,2570.284938609471,2612.5157907807347,5612.2705078125,0.12355143229166667,Anopheles farauti
129.19921875,66,0.002812569,2637.540804097127,2776.6601607233824,6093.76315184791,0.11990479271478328,Anopheles farauti
151.99908088235293,76,0.0030560151,2727.6818252214525,2837.870498779017,6326.3367455072075,0.1245884378628096,Anopheles farauti
117.45383522727273,58,0.002541679,2858.7916539371104,2883.393449328757,6454.185972420424,0.14168999733939627,Anopheles farauti
143.5546875,70,0.0023203765,2568.986226387806,2777.653334240134,6047.580097777187,0.11435947477263932,Anopheles farauti
135.99917763157896,58,0.00054142426,1147.7414537045802,982.7451111210129,2319.402641556211,0.07563748669698142,Anopheles farauti
135.99917763157896,59,0.00065891864,1235.0236323050592,978.1911213755325,2388.235558666312,0.08723794565112229,Anopheles farauti
135.99917763157896,48,0.0010319254,2614.399205184207,3122.2082516992427,6944.95233106453,0.07876419460386339,Anopheles farauti
258.3984375,128,0.0006786407,1275.6312066865912,1000.6501307151078,2474.4600372786863,0.09179914255998452,Anopheles farauti
135.99917763157896,67,0.0006615935,1187.5853850204535,969.7060245993582,2313.1860124806503,0.08216428018575851,Anopheles farauti
92.28515625,40,0.0007170346,1196.3224059571892,976.9966503525994,2365.5690290610487,0.08247758139028638,Anopheles farauti
103.359375,50,0.0037438315,2533.111428064255,2997.355321496672,6415.977870126258,0.08439971640383127,Anopheles farauti
151.99908088235293,67,0.0036836779,2561.5725066261375,3033.823463358182,6537.568801549197,0.08621829951141641,Anopheles farauti
75.99954044117646,35,0.009299048,2540.207360270948,2882.845782654161,6167.604372006821,0.08679652730746903,Anopheles farauti
117.45383522727273,51,0.004158646,2489.676433407174,2919.925038182538,6202.037497127757,0.08605994823916409,Anopheles farauti
92.28515625,44,0.006892194,2504.6896641638987,2873.0830619980984,6111.588044063225,0.08622207877805728,Anopheles farauti
135.99917763157896,48,0.0010319254,2614.399205184207,3122.2082516992427,6944.95233106453,0.07876419460386339,Anopheles farauti
151.99908088235293,77,0.0013594656,2682.5933905288757,2995.8441107678545,6705.626118662925,0.09898806356424149,Anopheles farauti
103.359375,40,0.0022256784,3301.434394329281,2899.7334899912544,6964.188240552153,0.18007124910799238,Anopheles farauti
135.99917763157896,48,0.0010319254,2614.399205184207,3122.2082516992427,6944.95233106453,0.07876419460386339,Anopheles farauti
69.83741554054055,31,0.0014693914,3011.4498789117506,3072.9951774985348,7051.4656940849945,0.12472675902186532,Anopheles farauti
135.99917763157896,63,0.0012975278,3197.305043083788,2983.431247508317,7035.22412562887,0.1576694925503096,Anopheles farauti
135.99917763157896,61,0.0013643901,2588.723080195053,2981.9046712728236,6593.676795605166,0.09196543029218267,Anopheles farauti
129.19921875,64,0.0012991816,2700.057937005983,3032.703095503802,6770.29239430147,0.09516193401702787,Anopheles farauti
151.99908088235293,74,0.0027105974,2521.187064770769,2704.4840952772856,5667.324063800068,0.11635417170568886,Anopheles farauti
117.45383522727273,54,0.0020599335,2564.627484925069,2877.4992069466825,6189.395906903057,0.10898460175599846,Anopheles farauti
117.45383522727273,52,0.002946552,2626.8620012773385,2844.95493098197,6150.846140008223,0.11378880550986842,Anopheles farauti
135.99917763157896,48,0.0010319254,2614.399205184207,3122.2082516992427,6944.95233106453,0.07876419460386339,Anopheles farauti
112.34714673913044,54,0.0020745748,2504.414571907349,2835.4947647008644,6085.879866183726,0.1038561369243421,Anopheles farauti
107.666015625,46,0.0019271785,2391.5507703063813,2815.707721399734,5877.2559117376,0.09495433981233244,Anopheles farauti
151.99908088235293,74,0.0027105974,2521.187064770769,2704.4840952772856,5667.324063800068,0.11635417170568886,Anopheles farauti
123.046875,60,0.002142769,3069.6629623544723,2892.545926944149,6711.892747436145,0.14741142910700464,Anopheles dirus
117.45383522727273,57,0.0022808365,2875.9025710818237,2950.157128037104,6651.809777416312,0.1273140449642028,Anopheles dirus
135.99917763157896,48,0.0010319254,2614.399205184207,3122.2082516992427,6944.95233106453,0.07876419460386339,Anopheles dirus
135.99917763157896,65,0.038995106,3082.926436889648,2814.77881551245,6597.80929771139,0.15547750111518635,Anopheles dirus
135.99917763157896,64,0.0027952334,3301.520536786176,2945.803046619213,6980.082792394302,0.16883382413409442,Anopheles dirus
107.666015625,53,0.0012534927,3068.946373275548,3019.2705914186554,7038.799104011465,0.13581172600619196,Anopheles dirus
135.99917763157896,69,0.002011697,2495.4309942607633,2818.311318322101,6002.013706644253,0.10056250604682662,Anopheles dirus
112.34714673913044,52,0.0025601538,2222.8051856220113,2708.146628036489,5522.241607760498,0.08077275420859133,Anopheles dirus
135.99917763157896,67,0.002574602,2329.9907295906796,2729.671492643178,5646.597727370056,0.08957303494518402,Anopheles dirus
123.046875,43,0.0025080182,2366.776174389536,2756.979980422263,5737.383620939302,0.09209732483010709,Anopheles dirus
112.34714673913044,55,0.0029944717,2720.491282623324,2822.1765668747876,6262.495464880031,0.12824601211784056,Anopheles dirus
135.99917763157896,48,0.0010319254,2614.399205184207,3122.2082516992427,6944.95233106453,0.07876419460386339,Anopheles dirus
161.4990234375,69,0.0022158306,2550.4078155089223,2794.6929407785333,6050.513413373162,0.10869019688467492,Anopheles dirus
129.19921875,59,0.0026567304,2514.5946195597817,2722.008221243881,5831.523070911136,0.11086062971652477,Anopheles dirus
99.38401442307692,42,0.002435843,2363.0866206129917,2765.2727159250953,5756.622721354167,0.09205141420717593,Anopheles dirus
103.359375,50,0.002780684,2648.200544213088,2765.6206774966654,6023.180245319756,0.1206198299632353,Anopheles dirus
161.4990234375,69,0.0022158306,2550.4078155089223,2794.6929407785333,6050.513413373162,0.10869019688467492,Anopheles dirus
129.19921875,59,0.0026567304,2514.5946195597817,2722.008221243881,5831.523070911136,0.11086062971652477,Anopheles dirus
123.046875,43,0.0025080182,2366.776174389536,2756.979980422263,5737.383620939302,0.09209732483010709,Anopheles dirus
135.99917763157896,67,0.002574602,2329.9907295906796,2729.671492643178,5646.597727370056,0.08957303494518402,Anopheles dirus
99.38401442307692,42,0.002435843,2363.0866206129917,2765.2727159250953,5756.622721354167,0.09205141420717593,Anopheles dirus
103.359375,50,0.002780684,2648.200544213088,2765.6206774966654,6023.180245319756,0.1206198299632353,Anopheles dirus
112.34714673913044,52,0.0025601538,2222.8051856220113,2708.146628036489,5522.241607760498,0.08077275420859133,Anopheles dirus
135.99917763157896,69,0.002011697,2495.4309942607633,2818.311318322101,6002.013706644253,0.10056250604682662,Anopheles dirus
112.34714673913044,55,0.0029944717,2720.491282623324,2822.1765668747876,6262.495464880031,0.12824601211784056,Anopheles dirus
135.99917763157896,48,0.005169008,2562.5083616400966,2923.7877320444063,6269.653754928164,0.09673675442627709,Anopheles dirus
95.703125,48,0.00575824,2498.104433025163,2962.8888798007997,6304.303545405621,0.08499570675309598,Anopheles dirus
112.34714673913044,53,0.0069811307,2403.0819922039177,2924.3801992906792,6124.479632776219,0.07535177413893189,Anopheles dirus
129.19921875,65,0.004388604,2604.7612237174453,2966.1054240553963,6395.061329939048,0.091740186000387,Anopheles dirus
129.19921875,63,0.005515503,2564.2425675238605,2939.1202793627176,6298.036916632402,0.09447637504837461,Anopheles dirus
198.76802884615384,99,0.0042771646,2474.475836957967,3004.0018691858036,6379.31975845951,0.07699348756772446,Anopheles dirus
172.265625,85,0.0040164148,2502.572846853577,2894.629614376421,6100.879775481328,0.0868089988873839,Anopheles dirus
123.046875,60,0.006471934,2505.70300746529,2876.757013689103,6101.963102263932,0.0926657284007353,Anopheles dirus
135.99917763157896,48,0.0010319254,2614.399205184207,3122.2082516992427,6944.95233106453,0.07876419460386339,Anopheles dirus
69.83741554054055,23,0.0004748066,1007.300581923606,973.4531766831475,2233.330265325479,0.058522769818290736,Anopheles dirus
83.35433467741936,41,0.0003883382,990.7307467814508,976.8592176347452,2234.57815447828,0.057806150832043345,Anopheles dirus
49.69200721153846,14,0.00034719205,1044.951326659452,973.94566228642,2290.3751111739975,0.06530524842335059,Anopheles dirus
198.76802884615384,1,0.000109468885,1131.7940471910777,809.4042260989378,2117.7210653981856,0.08977287046370967,Anopheles dirus
234.90767045454547,94,0.00044882734,1089.2943355955629,966.5476263856382,2280.3482832013183,0.07102436979648474,Anopheles dirus
86.1328125,1,0.00038556376,1027.2310594620167,948.2994303910274,2207.436651932566,0.06602219252558479,Anopheles dirus
73.828125,30,0.00067775784,1066.5049437065488,945.8366549046995,2233.966629954573,0.0660852791783147,Anopheles dirus
86.1328125,16,0.00047042276,1006.4293506173336,943.974018947825,2163.357837106299,0.059459584153543306,Anopheles dirus
234.90767045454547,114,0.00063095405,1002.610241643239,957.5094425045826,2189.111762740664,0.059398355867840556,Anopheles dirus
95.703125,40,0.00044347165,913.3714049415679,956.3646248775843,2094.8039996734715,0.0477778668005031,Anopheles dirus
95.703125,22,0.0004037388,1127.680321848916,957.6775070367597,2316.3776598478617,0.07664445129751463,Anopheles dirus
135.99917763157896,48,0.0010319254,2614.399205184207,3122.2082516992427,6944.95233106453,0.07876419460386339,Anopheles dirus
80.74951171875,24,0.0007615127,1168.9945744288732,972.144452241553,2326.4275990772544,0.07836989647832818,Anopheles dirus
78.30255681818181,31,0.0005613594,1113.867377790706,978.1275825189053,2281.086206583785,0.07233780899284056,Anopheles dirus
83.35433467741936,40,0.00084013015,1190.4500530570895,986.6818187237038,2379.860609308485,0.08029165356520898,Anopheles dirus
99.38401442307692,26,0.0005425234,1120.9994831358122,967.7857029928318,2268.977946467444,0.07372857911667957,Anopheles dirus
112.34714673913044,57,0.00058833597,1165.0083693028823,973.495290114667,2308.844372067289,0.07860912405669504,Anopheles dirus
123.046875,60,0.001676198,2727.9335096088735,2949.1567730431284,6465.985901067869,0.11773889500290248,Anopheles dirus
129.19921875,62,0.0018261829,2544.8095008625114,2894.986994465027,6237.303950543005,0.1013013526751161,Anopheles dirus
151.99908088235293,73,0.0019853027,2409.1735128772593,2788.1249687229247,5733.890327949642,0.09590607161861456,Anopheles dirus
123.046875,58,0.0017555082,2414.209190984622,2824.1028559396627,5921.684071573826,0.09349942403727347,Anopheles dirus
135.99917763157896,48,0.0010319254,2614.399205184207,3122.2082516992427,6944.95233106453,0.07876419460386339,Anopheles dirus
123.046875,50,0.0017215195,2561.2511887529145,2834.17871975738,6077.152835621553,0.1059561336741728,Anopheles dirus
143.5546875,72,0.001744944,2563.9595266309034,2875.027029763671,6173.096005466331,0.1048924118372678,Anopheles dirus
92.28515625,44,0.0019100135,2624.273438417251,2899.307354947407,6292.178618723394,0.10843131711977554,Anopheles dirus
89.10290948275862,37,0.0017718092,2359.578217498691,2820.2731867978414,5877.014462497581,0.08752932710913312,Anopheles dirus
129.19921875,61,0.002115894,2361.2891569544777,2807.438881301146,5838.939692730505,0.08886000689338236,Anopheles dirus
151.99908088235293,72,0.0021120827,2739.30222952618,2919.827944208077,6420.619508725571,0.11905710320723684,Anopheles dirus
61.5234375,15,0.0029317196,1338.9935440124116,957.9997474117073,2566.792812288361,0.10452771260642414,Anopheles dirus
135.99917763157896,48,0.0010319254,2614.399205184207,3122.2082516992427,6944.95233106453,0.07876419460386339,Anopheles dirus
198.76802884615384,81,0.0033325139,1371.488137183769,921.7161135860606,2516.0681190136415,0.1091452205882353,Anopheles dirus
117.45383522727273,45,0.002790595,1389.9685118115444,980.3463134320272,2645.225671348926,0.1151493415005805,Anopheles dirus
99.38401442307692,41,0.0031933961,1346.4318159572179,984.1898002365731,2614.7341890600815,0.10723631300793343,Anopheles dirus
151.99908088235293,58,0.0037151205,1350.6234586051685,939.6950899475415,2541.867963005515,0.105093846749226,Anopheles dirus
112.34714673913044,46,0.008378156,2233.8628843302213,2414.5520439622223,5384.1091096954815,0.08024668029218267,Anopheles dirus
161.4990234375,80,0.0041137035,2573.0196885981486,2620.5639952898414,6032.630188177244,0.06193424378386223,Anopheles dirus
112.34714673913044,51,0.003897686,2137.7537252443763,2524.373330513086,5549.908107131628,0.050343610922987614,Anopheles dirus
135.99917763157896,48,0.0010319254,2614.399205184207,3122.2082516992427,6944.95233106453,0.07876419460386339,Anopheles dirus
112.34714673913044,55,0.004281514,2439.8193436369515,2573.6815666698185,5881.5894348333495,0.06206954152960526,Anopheles dirus
